Type,ID,Username,Display,Creation,Image,Notes,Verified,Private
Standard,783214,Twitter,Twitter,Feb 2007,Twitter,,TRUE,FALSE
Standard,6253282,TwitterAPI,Twitter API,May 2007,TwitterAPI,,TRUE,FALSE
Standard,6844292,TwitterEng,Twitter Engineering,Jun 2007,Twitter,,TRUE,FALSE
Standard,17874544,TwitterSupport,Twitter Support,Dec 2008,Twitter,,TRUE,FALSE
Standard,87532773,TwitterDesign,Twitter Design,Nov 2009,Twitter,,TRUE,FALSE
Standard,95731075,TwitterSafety,Twitter Safety,Dec 2009,Twitter,,TRUE,FALSE
Standard,109184306,TwitterCareers,Twitter Careers,Jan 2010,TwitterCareers,,TRUE,FALSE
Standard,121291606,TwitterBusiness,Twitter Business,Mar 2010,Twitter,,TRUE,FALSE
Standard,130649891,TwitterLive,Twitter Live,Apr 2010,Twitter,,TRUE,FALSE
Standard,172442947,TwitterU,Early Career at Twitter,Jul 2010,Twitter,Internships and early careers,TRUE,FALSE
Standard,178111058,TwitterFashion,Twitter Fashion,Aug 2010,Twitter,,TRUE,FALSE
Standard,222953824,TwitterGov,TwitterGov,Dec 2010,Twitter,Politics,TRUE,FALSE
Standard,234489024,TwitterComms,Twitter Comms,Jan 2011,Twitter,,TRUE,FALSE
Standard,300392950,TwitterSports,Twitter Sports,May 2011,TwitterSports,,TRUE,FALSE
Standard,338604482,TwitterOpen,Twitter Open,Jul 2011,TwitterOpen,,TRUE,FALSE
Standard,357750891,TwitterMktg,Twitter Marketing,Aug 2011,Twitter,,TRUE,FALSE
Standard,373471064,TwitterMusic,Twitter Music,Sep 2011,TwitterMusic,,TRUE,FALSE
Standard,376825877,TwitterOSS,Twitter Open Source,Sep 2011,Twitter,,TRUE,FALSE
Standard,372575989,TwitterNews,Twitter News,Sep 2011,Twitter,,TRUE,FALSE
Standard,425468509,TwitterIO,Twitter Reliability,Nov 2011,TwitterIO,Reliability Engineering,FALSE,FALSE
Standard,414869890,TwitterFaith,Twitter Faith,Nov 2011,TwitterFaith,,TRUE,FALSE
Standard,427475002,TwitterBooks,Twitter Books,Dec 2011,Twitter,,TRUE,FALSE
Standard,436266454,TwitterMovies,Twitter Movies,Dec 2011,TwitterMovies,,TRUE,FALSE
Standard,544524144,TwitterResearch,Twitter Research,Apr 2012,Twitter,,TRUE,FALSE
Standard,586198217,TwitterTV,Twitter TV,May 2012,TwitterTV,,TRUE,FALSE
Standard,726960710,TwitterMedia,Twitter Media,Jul 2012,Twitter,,TRUE,FALSE
Standard,628899279,TwitterSurveys,Twitter Surveys,Jul 2012,Twitter,Brand surveys,TRUE,FALSE
Standard,905409822,TwitterSRE,Twitter SRE,Oct 2012,Twitter,Site Reliability Engineering,TRUE,FALSE
Standard,1117573164,TwitterHadoop,Hadoop @Twitter,Jan 2013,TwitterHadoop,Hadoop team,TRUE,FALSE
Standard,1137751093,twittersecurity,Twitter Security,Jan 2013,Twitter,Security team,TRUE,FALSE
Standard,1287248143,TwitterREW,Twitter REW,Mar 2013,Twitter,Real Estate Works,TRUE,FALSE
Standard,1347677268,TwitterNotify,Twitter Notify,Apr 2013,Twitter,,TRUE,FALSE
Standard,1526228120,TwitterData,Twitter Data,Jun 2013,Twitter,,TRUE,FALSE
Standard,1631299117,TwitterA11y,Twitter Accessibility,Jul 2013,Twitter,,TRUE,FALSE
Standard,1603818258,TwitterIR,Twitter Investor Relations,Jul 2013,Twitter,,TRUE,FALSE
Standard,1884191208,TwitterForGood,Twitter For Good,Sep 2013,Twitter,Twitter's social impact,TRUE,FALSE
Standard,2244994945,TwitterDev,Twitter Dev,Dec 2013,TwitterAPI,Dev team,TRUE,FALSE
Standard,2328002822,TwitterWomen,Twitter Women,Feb 2014,TwitterWomen,,TRUE,FALSE
Standard,2548979088,TwitterAlas,Twitter Alas,Jun 2014,TwitterAlas,Twitter's Latinos' Business Resource Group,TRUE,FALSE
Standard,2835589679,TwitterStudio,Twitter Studio,Oct 2014,Twitter,Internal events,TRUE,TRUE
Standard,3015271772,TwitterFood,Twitter Food,Feb 2015,Twitter,,TRUE,FALSE
Standard,3015301350,TwitterStage,Twitter Stage,Feb 2015,Twitter,Theater,TRUE,FALSE
Standard,3260518932,TwitterMoments,Twitter Moments,Jun 2015,Twitter,,TRUE,FALSE
Standard,3282859598,TwitterCreators,Twitter Creators,Jul 2015,TwitterCreators,,TRUE,FALSE
Standard,3873936134,TwitterGaming,Twitter Gaming,Oct 2015,TwitterGaming,,TRUE,FALSE
Standard,738117623737552896,TwitterParents,Twitter Parents,Jun 2016,TwitterParents,,TRUE,FALSE
Standard,738118115595165697,TwitterStripes,Twitter Stripes,Jun 2016,TwitterStripes,Military,TRUE,FALSE
Standard,738118487122419712,TwitterAsians,Twitter Asians,Jun 2016,TwitterAsians,Asians,TRUE,FALSE
Standard,773578328498372608,TwitterTogether,Twitter Together,Sep 2016,TwitterTogether,Employee community,TRUE,FALSE
Standard,1004057478575861760,TwitterOneTeam,Twitter #OneTeam,Jun 2018,TwitterOneTeam,Internal event,FALSE,TRUE
Standard,1065249714214457345,TwitterSpaces,Spaces,Nov 2018,TwitterSpaces,Live audio meetings,TRUE,FALSE
Standard,1168976680867762177,TwitterAble,Twitter Able,Sep 2019,TwitterAble,Disability Twitter,TRUE,FALSE
Standard,1194267639100723200,TwitterRetweets,Twitter Retweets,Nov 2019,Twitter,,TRUE,FALSE
Standard,1321095210517090304,TwitterArabs,Twitter Arabs,Oct 2020,TwitterArabs,Arabs,TRUE,FALSE
Standard,1399766153053061121,TwitterBlue,Twitter Blue,Jun 2021,TwitterBlue,Premium Twitter,TRUE,FALSE
Standard,1440438581814722560,TwitterIndigena,Twitter Indigenous,Sep 2021,TwitterIndigena,Indigenous voices,TRUE,FALSE
Standard,1489400041018036227,twittermartech,@TwitMartech,Feb 2022,default,(probably) Twitter Marketing Technology,TRUE,TRUE
Nonstandard,63796828,verified,Twitter Verified,Aug 2009,Twitter,,TRUE,FALSE
Nonstandard,158079127,Nonprofits,Twitter Nonprofits,Jun 2010,Twitter,Best practices for nonprofits,TRUE,FALSE
Nonstandard,218984871,Policy,Twitter Public Policy,Nov 2010,Twitter,Public Policy team,TRUE,FALSE
Nonstandard,284201599,terns,Twitter Terns,Apr 2011,Twitter,Twitter interns,TRUE,FALSE
Nonstandard,437698597,womeng,Twitter Women Eng,Dec 2011,Twitter,,TRUE,FALSE
Nonstandard,791978718,OfficialPartner,Twitter Official Partner,Aug 2012,Twitter,Twitter Official Partner Program,TRUE,FALSE
Nonstandard,1225933934,AdsAPI,Twitter Ads API,Feb 2013,Twitter,,TRUE,FALSE
Nonstandard,1524832640,ArtHouse,ArtHouse,Jun 2013,Twitter,Twitter marketing for brands,TRUE,FALSE
Nonstandard,1665823832,University,Twitter University,Aug 2013,Twitter,Technical training,TRUE,FALSE
Nonstandard,2394839066,SupportRequests,Support Requests,Mar 2014,Twitter,,TRUE,FALSE
Nonstandard,2548985366,Blackbirds,Twitter Blackbirds,Jun 2014,Blackbirds,Black employees,TRUE,FALSE
Nonstandard,2549011969,NeighborNest,Twitter NeighborNest,Jun 2014,Twitter,Community Center,TRUE,FALSE
Nonstandard,1319036828964454402,birdwatch,Birdwatch,Oct 2020,birdwatch,,TRUE,FALSE
Nonstandard,1425859260248854535,SuperFollows,Super Follows,Aug 2021,SuperFollows,,TRUE,FALSE
Nonstandard,1433894099178774532,HiCommunities,Twitter Communities,Sep 2021,HiCommunities,,TRUE,FALSE
Office,172020392,TwitterSF,Twitter San Francisco,Jul 2010,Twitter,"Twitter HQ at San Francisco, CA",TRUE,FALSE
Office,212364827,TwitterChicago,Twitter Chicago,Nov 2010,Twitter,"Twitter HQ at Chicago, IL",TRUE,FALSE
Office,495309159,TwitterNYC,Twitter New York City,Feb 2012,Twitter,"Twitter HQ at New York, NY",TRUE,FALSE
Office,484495045,TwitterLA,Twitter Los Angeles,Feb 2012,Twitter,"Twitter HQ at Los Angeles, CA",TRUE,FALSE
Office,593893034,TwitterDC,Twitter DC,May 2012,Twitter,"Twitter HQ at Washington, DC",TRUE,FALSE
Office,707249550,TwitterATL,Twitter Atlanta,Jul 2012,Twitter,"Twitter HQ at Atlanta, GA",TRUE,FALSE
Office,1228433617,TwitterSeattle,Twitter Seattle,Feb 2013,Twitter,"Twitter HQ at Seattle, WA",TRUE,FALSE
Office,1173514177,TwitterBoston,Twitter Boston,Feb 2013,Twitter,"Twitter HQ at Boston, MA",TRUE,FALSE
Office,2249227634,TwitterBoulder,Twitter Boulder,Dec 2013,Twitter,"Twitter HQ at Boulder, CO",TRUE,FALSE
Office,717462990983856129,TwitterParis,Twitter Paris,Apr 2016,TwitterFrance,Twitter HQ at Paris,TRUE,FALSE
Office,717463776170119169,TwitterDetroit,Twitter Detroit,Apr 2016,Twitter,"Twitter HQ at Detroit, MI",TRUE,FALSE
Office,1049385226424786944,TwitterMiami,Twitter Miami,Oct 2018,Twitter,"Twitter HQ at Miami, FL",TRUE,FALSE
Regional,818212956,TwitterAU,Twitter Australia,Sep 2012,TwitterAU,Australia,TRUE,FALSE
Regional,3015734250,TwitterMktgAU,Twitter Marketing AU,Feb 2015,TwitterAU,Australia (marketing),TRUE,FALSE
Regional,4588114813,MomentsAU,Twitter Moments Australia,Dec 2015,TwitterAU,Australia (moments),TRUE,FALSE
Regional,2249227194,TwitterSportsAU,Twitter Sports,Dec 2013,TwitterAU,Australia (sports),TRUE,FALSE
Regional,263884490,TwitterBrasil,Twitter Brasil,Mar 2011,TwitterBrasil,Brazil,TRUE,FALSE
Regional,2548977510,JoinTheFlockBR,Twitter Careers Brasil,Jun 2014,TwitterMktgBR,Brazil (job openings),TRUE,FALSE
Regional,2244997579,TwitterMktgBR,Twitter Marketing BR,Dec 2013,TwitterMktgBR,Brazil (marketing),TRUE,FALSE
Regional,4172587277,MomentsBrasil,Twitter Moments Brasil,Nov 2015,TwitterMktgBR,Brazil (moments),TRUE,FALSE
Regional,1454207077740474370,TwitterSeguroBR,Twitter Seguro üáßüá∑,Oct 2021,Twitter,Brazil (safety),TRUE,FALSE
Regional,1347713256,TwitterCanada,Twitter Canada,Apr 2013,TwitterCanada,Canada,TRUE,FALSE
Regional,3873984133,CanadaMoments,Twitter Moments Canada,Oct 2015,CanadaMoments,Canada (moments),TRUE,FALSE
Regional,627222883,JoinTheFlockEU,Join The Flock EMEA,Jul 2012,Twitter,Europe (job openings),TRUE,FALSE
Regional,90556897,TwitterFrance,Twitter France,Nov 2009,TwitterFrance,France,TRUE,FALSE
Regional,1639309946,TwitterMktgFR,Twitter Marketing FR,Aug 2013,TwitterFrance,France (marketing),TRUE,FALSE
Regional,3015789727,TwitterMediaFR,Twitter Media France,Feb 2015,TwitterMediaFR,France (media),FALSE,FALSE
Regional,95255169,TwitterDE,Twitter Deutschland,Dec 2009,TwitterDE,Germany,TRUE,FALSE
Regional,2551000952,TwitterMktgDACH,Twitter Marketing DACH,Jun 2014,TwitterMktgDACH,Germany + Austria + Switzerland (marketing),TRUE,FALSE
Regional,1471591070991470593,TwitterGhana,Twitter Ghana,Dec 2021,TwitterGhana,Ghana,TRUE,FALSE
Regional,103770785,TwitterIndia,Twitter India,Jan 2010,TwitterIndia,India,TRUE,FALSE
Regional,1544443531,twi,@twi,Jun 2013,twi,India (former account),FALSE,FALSE
Regional,3282860300,TwitterMktgIN,Twitter Marketing IN,Jul 2015,TwitterMktgIN,India (marketing),TRUE,FALSE
Regional,738115375477362688,MomentsIndia,Twitter Moments India,Jun 2016,TwitterIndia,India (moments),TRUE,FALSE
Regional,717465714357972992,TwitterVideoIN,Twitter Video India,Apr 2016,TwitterIndia,India (video),TRUE,FALSE
Regional,2550997820,TwitterID,Twitter Indonesia,Jun 2014,TwitterID,Indonesia,TRUE,FALSE
Regional,3260517252,TwitterMktgID,Twitter Marketing ID,Jun 2015,TwitterID,Indonesia (marketing),TRUE,FALSE
Regional,1533573656,TwitterDublin,Twitter Dublin,Jun 2013,TwitterDublin,Ireland,TRUE,FALSE
Regional,1440375285573054478,TwitterMktgIL,Twitter Marketing Israel,Sep 2021,TwitterMktgIL,Israel (marketing),TRUE,FALSE
Regional,7080152,TwitterJP,Twitter Japan,Jun 2007,TwitterJP,Japan,TRUE,FALSE
Regional,2551015628,TwitterBizJP,Twitter„Éì„Ç∏„Éç„Çπ,Jun 2014,TwitterJP,Japan (business),TRUE,FALSE
Regional,70915829,TwitterDevJP,Twitter Dev Japan,Sep 2009,TwitterJP,Japan (dev),TRUE,FALSE
Regional,2244981348,TwitterLifeline,Twitter„É©„Ç§„Éï„É©„Ç§„É≥,Dec 2013,Twitter,Japan (disasters),TRUE,FALSE
Regional,2861317614,TwitterFashnJP,Twitter „Éï„Ç°„ÉÉ„Ç∑„Éß„É≥,Oct 2014,TwitterJP,Japan (fashion),TRUE,FALSE
Regional,1705676064,JoinTheFlockJP,TwitterÂÖ¨ÂºèÊé°Áî®„Ç¢„Ç´„Ç¶„É≥„Éà,Aug 2013,TwitterJP,Japan (job openings),TRUE,FALSE
Regional,632708673,TwitterMktgJP,Twitter „Éû„Éº„Ç±„ÉÜ„Ç£„É≥„Ç∞,Jul 2012,TwitterJP,Japan (marketing),TRUE,FALSE
Regional,1462327554,TwitterMediaJP,Twitter „É°„Éá„Ç£„Ç¢,May 2013,TwitterJP,Japan (media),TRUE,FALSE
Regional,3896350692,MomentsJapan,Twitter „É¢„Éº„É°„É≥„Éà,Oct 2015,TwitterJP,Japan (moments),TRUE,FALSE
Regional,862314223,TwitterMusicJP,Twitter „Éü„É•„Éº„Ç∏„ÉÉ„ÇØ,Oct 2012,TwitterJP,Japan (music),TRUE,FALSE
Regional,1159422488,TwitterNewsJP,Twitter „Éã„É•„Éº„Çπ,Feb 2013,TwitterJP,Japan (news),TRUE,FALSE
Regional,1159458169,TwitterGovJP,Twitter ÊîøÊ≤ª,Feb 2013,TwitterJP,Japan (politics),TRUE,FALSE
Regional,1159274324,TwitterSportsJP,Twitter „Çπ„Éù„Éº„ÉÑ,Feb 2013,TwitterJP,Japan (sports),TRUE,FALSE
Regional,216531294,TwitterKorea,Twitter Ìä∏ÏúÑÌÑ∞ÏΩîÎ¶¨ÏïÑ,Nov 2010,TwitterKorea,Korea,TRUE,FALSE
Regional,1636762128,TwitterMktgKR,Twitter Marketing Korea Ìä∏ÏúÑÌÑ∞ ÎßàÏºÄÌåÖ,Jul 2013,TwitterKorea,Korea (marketing),TRUE,FALSE
Regional,85426644,TwitterLatAm,Twitter Latin America,Oct 2009,TwitterLatAm,Latin America,TRUE,FALSE
Regional,2551000568,TwitterMktLatam,Twitter Mktg Latam,Jun 2014,TwitterLatAm,Latin America (marketing),TRUE,FALSE
Regional,1004367799588880384,TwitterMexico,Twitter M√©xico,Jun 2018,TwitterMexico,Mexico,TRUE,FALSE
Regional,2228891959,TwitterMENA,Twitter MENA,Dec 2013,TwitterMENA,Middle East and North Africa,TRUE,FALSE
Regional,766296039036948480,momentsmena,Moments MENA,Aug 2016,momentsmena,Middle East and North Africa (moments),TRUE,FALSE
Regional,3873867072,TwitterPH,Twitter Philippines,Oct 2015,TwitterPH,Philippines,TRUE,FALSE
Regional,2244983430,TwitterSG,Twitter Singapore,Dec 2013,TwitterSG,Singapore,TRUE,FALSE
Regional,3282898525,TwitterMktgSG,Twitter Marketing SG,Jul 2015,TwitterSG,Singapore (marketing),TRUE,FALSE
Regional,1347756012,TwitterEspana,Twitter Espa√±a,Apr 2013,Twitter,Spain (previously @TwitterSpain),TRUE,FALSE
Regional,715097393621032960,TweetEventos,TweetEventos,Mar 2016,TweetEventos,Spain (events),FALSE,FALSE
Regional,1640990204,TwitterMktgES,Twitter Marketing ES,Aug 2013,Twitter,Spain (marketing),TRUE,FALSE
Regional,3873965293,MomentsES,Twitter Moments en Espa√±ol,Oct 2015,Twitter,Spain (moments),TRUE,FALSE
Regional,88723966,TwitterSeguro,Twitter Seguro,Nov 2009,Twitter,Spain (safety),TRUE,FALSE
Regional,1244731491088809984,TwitterThailand,Twitter Thailand,Mar 2020,TwitterThailand,Thailand,TRUE,FALSE
Regional,348674206,TwitterTurkiye,Twitter T√ºrkiye,Aug 2011,TwitterTurkiye,Turkey,TRUE,FALSE
Regional,277761722,TwitterUK,Twitter UK,Apr 2011,TwitterUK,United Kingdom,TRUE,FALSE
Regional,1077914569,TwitterMktgUK,Twitter Marketing UK,Jan 2013,TwitterUK,United Kingdom (marketing),TRUE,FALSE
Regional,2178322212,insiders_uk,Twitter Insiders UK,Nov 2013,TwitterUK,United Kingdom (research community),TRUE,FALSE
Regional,2296297326,UKMoments,Twitter Moments UK & Ireland,Jan 2014,TwitterUK,United Kingdom + Ireland (moments),TRUE,FALSE
Company,14803701,TweetDeck,TweetDeck,May 2008,Twitter,TweetDeck (acquired in 2011),TRUE,FALSE
Company,151358014,adgrok,adgrok,Jun 2010,adgrok,AdGrok (acquired in 2011),FALSE,FALSE
Company,15087414,BackType,BackType,Jun 2008,BackType,BackType (acquired in 2011),FALSE,FALSE
Company,219397615,bagchk,Bagcheck,Nov 2010,bagchk,Bagcheck (acquired in 2011),FALSE,FALSE
Company,66700936,summify,Summify,Aug 2009,summify,Summify (acquired in 2012),FALSE,FALSE
Company,33837752,dasient,Dasient Inc,Apr 2009,dasient,Dasient (acquired in 2012),FALSE,FALSE
Company,15503880,posterous,posterous,Jul 2008,posterous,Posterous (acquired in 2012),FALSE,FALSE
Company,399680029,clutchio,Clutch IO,Oct 2011,clutchio,Clutch.IO (acquired in 2012),FALSE,FALSE
Company,2817472030,vineapp,Vine App,Oct 2014,vineapp,Vine (acquired in 2012),FALSE,FALSE
Company,586671909,VineCreators,Vine Creators,May 2012,VineCreators,Vine (acquired in 2012),FALSE,TRUE
Company,32295527,wearehunted,We Are Hunted,Apr 2009,wearehunted,We Are Hunted (acquired in 2012),FALSE,FALSE
Company,386219642,ubalo,"Ubalo, Inc.",Oct 2011,ubalo,Ubalo (acquired in 2013),FALSE,FALSE
Company,265775589,luckysort,LuckySort,Mar 2011,luckysort,Lucky Sort (acquired in 2013),FALSE,FALSE
Company,87026259,locomatix,Locomatix Inc,Nov 2009,locomatix,Locomatix (acquired in 2013),FALSE,FALSE
Company,1674026250,Marakana,Marakana,Aug 2013,Marakana,Marakana (acquired in 2013),FALSE,FALSE
Company,14395051,Trendrr,Trendrr,Apr 2008,Trendrr,Trendrr (acquired in 2013),FALSE,FALSE
Company,186372261,Mesagraph,Mesagraph,Sep 2010,Mesagraph,Mesagraph (acquired in 2014),FALSE,FALSE
Company,1202352114,NamoMedia,Namo Media,Feb 2013,NamoMedia,Namo Media (acquired in 2014),FALSE,FALSE
Company,196471681,SnappyTV,SnappyTV,Sep 2010,SnappyTV,SnappyTV (acquired in 2014),TRUE,TRUE
Company,213778021,cardspring,CardSpring,Nov 2010,cardspring,CardSpring (acquired in 2014),FALSE,FALSE
Company,116937881,zipdial,ZipDial,Feb 2010,zipdial,ZipDial (acquired in 2014),FALSE,FALSE
Company,2445809510,PeriscopeCo,Periscope,Apr 2014,PeriscopeCo,Periscope (acquired in 2015),TRUE,FALSE
Company,3099993704,PeriscopeHelp,Periscope Help,Mar 2015,PeriscopeHelp,Periscope (acquired in 2015),TRUE,FALSE
Company,353410520,tenXer,tenXer,Aug 2011,tenXer,tenXer (acquired in 2015),FALSE,FALSE
Company,40312533,tellapart,"TellApart, Inc.",May 2009,tellapart,TellApart (acquired in 2015),FALSE,FALSE
Company,2347122642,whetlab,Whetlab,Feb 2014,whetlab,Whetlab (acquired in 2015),FALSE,FALSE
Company,990154089626587136,fabula_ai,fabula_ai,Apr 2018,fabula_ai,Fabula AI (acquired in 2019),FALSE,FALSE
Company,796388989485875200,meet_aiden,aiden.ai,Nov 2016,meet_aiden,Aiden.ai (acquired in 2019),FALSE,FALSE
Company,1022301729138720769,Chroma_Labs,Chroma Labs,Jul 2018,Chroma_Labs,Chroma Labs (acquired in 2020),FALSE,FALSE
Company,826599269666680832,squad,Squad,Jan 2017,squad,Squad (acquired in 2020),FALSE,FALSE
Company,797664290538852352,Breaker,Breaker,Nov 2016,Breaker,Breaker (acquired in 2021),TRUE,FALSE
Company,297214832,uenodotco,ueno.,May 2011,uenodotco,Ueno (acquired in 2021),FALSE,FALSE
Company,3001165942,revue,Revue,Jan 2015,revue,Revue (acquired in 2021),TRUE,FALSE
Company,1328756432989278208,spheremessenger,Sphere üí¨,Nov 2020,spheremessenger,Sphere (acquired in 2021),FALSE,FALSE
Company,900271822465380352,threader,Threader,Aug 2017,threader,Threader (acquired in 2021),TRUE,FALSE
Test,2860640487,Arkahella,Arkahella,Nov 2014,Arkahella,Test account for @kashnaladak,FALSE,FALSE
Test,824829440685404160,Riverganges01,Testvit01,Jan 2017,Riverganges01,Test account,TRUE,TRUE
Test,824830415470985216,riverganges02,lakshmi a,Jan 2017,default,Test account,TRUE,TRUE
Test,824828886869561344,riverganges03,Testvit03,Jan 2017,riverganges03,Test account,TRUE,TRUE
Test,824829943423066112,riverganges04,Testvit04,Jan 2017,riverganges04,Test account,TRUE,TRUE
Test,824828757831712769,riverganges05,Testvit05,Jan 2017,riverganges05,Test account,TRUE,TRUE
Test,816324942417555457,amistida,Amistida,Jan 2017,amistida,Test account,TRUE,FALSE
Test,1171907157446410240,TestAnton1,Test Anton,Sep 2019,default,Test account for @murauyou,FALSE,FALSE
Test,1186410897532575744,TestAnton31,Test Anton 3,Oct 2019,default,Test account for @murauyou,FALSE,FALSE
Test,1201592540199174144,testnkabir,Nabs,Dec 2019,testnkabir,Test account for @KabirNabilah,TRUE,FALSE
Test,1242165162624176131,TestAnton41,Test Anton 4,Mar 2020,default,Test account for @murauyou,FALSE,FALSE
Test,1351582567443513347,SahilaIs,sahila is testing,Jan 2021,SahilaIs,Test account,TRUE,TRUE
Test,1366836982689583105,NtabVeri,test ntab,Mar 2021,NtabVeri,Test account,TRUE,TRUE
Test,1366842284319207424,NtabVeriSender,ntab sender,Mar 2021,NtabVeriSender,Test account,TRUE,TRUE
Test,1486493374769090563,heletest,hel-sage test,Jan 2022,heletest,Test account for @helensagelee,TRUE,FALSE
Misc,1054792530095525888,grayhamsays,Allen Grayham,Oct 2018,grayhamsays,Account for illustrative purposes,FALSE,TRUE